<?xml version="1.0" encoding="UTF-8"?>
<project-private xmlns="http://www.netbeans.org/ns/project-private/1">
    <editor-bookmarks xmlns="http://www.netbeans.org/ns/editor-bookmarks/2" lastBookmarkId="0"/>
    <open-files xmlns="http://www.netbeans.org/ns/projectui-open-files/2">
        <group>
            <file>file:/C:/Users/DELL/Documents/NetBeansProjects/JavaApplication2/src/power/supply/system/Conn.java</file>
            <file>file:/C:/Users/DELL/Documents/NetBeansProjects/JavaApplication2/src/power/supply/system/ElectricityBillingSystem.java</file>
            <file>file:/C:/Users/DELL/Documents/NetBeansProjects/JavaApplication2/src/power/supply/system/ViewInformation.java</file>
            <file>file:/C:/Users/DELL/Documents/NetBeansProjects/JavaApplication2/src/power/supply/system/Splash.java</file>
            <file>file:/C:/Users/DELL/Documents/NetBeansProjects/JavaApplication2/src/power/supply/system/Login.java</file>
            <file>file:/C:/Users/DELL/Documents/NetBeansProjects/JavaApplication2/src/power/supply/system/BillDetails.java</file>
        </group>
    </open-files>
</project-private>
